{
  "gpu_id": 7,
  "prompt_name": "coco",
  "label": "benign",
  "start": 49,
  "end": 50,
  "results": [
    {
      "idx": 49,
      "prompt": "a white yellow and blue train at an empty train station",
      "max_metrics": {
        "softmax_p": 0.23325717449188232,
        "logit_cdf": 0.0009469317050659343,
        "gcam_mean_cdf": 0.4074648255805357,
        "gcam_top20_cdf": 0.7884186527904032,
        "gcam_max": 1.0,
        "combined_softmax_gcam": 0.07879985814654039
      },
      "step_metrics": {
        "softmax_p": [
          0.19339057803153992,
          0.21638166904449463,
          0.2254861295223236,
          0.2301524132490158,
          0.23325717449188232,
          0.2238365262746811,
          0.006213913671672344,
          0.0004318324790801853,
          0.00034944413346238434,
          0.00044389039976522326,
          0.000523775233887136,
          0.00021976632706355304,
          6.187688995851204e-05,
          1.847850580816157e-05,
          6.932184078323189e-06,
          2.987917241625837e-06,
          4.2562414819258265e-06,
          3.3260148484259844e-06,
          4.546312993625179e-06,
          7.168142929003807e-06,
          5.191077889321605e-06,
          2.998281615873566e-06,
          2.7147400487592677e-06,
          3.6032718071510317e-06,
          4.409936082083732e-06,
          4.040546627948061e-06,
          3.4908596262539504e-06,
          3.2726552490203176e-06,
          3.172250444549718e-06,
          3.050124405490351e-06,
          3.180117118972703e-06,
          3.288999778305879e-06,
          3.039694320250419e-06,
          2.7583250812313054e-06,
          2.7689886792359175e-06,
          2.90607886199723e-06,
          3.0728338060725946e-06,
          3.267886768298922e-06,
          3.4618276458786568e-06,
          3.918866241292562e-06,
          4.5839369704481214e-06,
          5.278964181343326e-06,
          6.040755579306278e-06,
          6.748334271833301e-06,
          7.813912816345692e-06,
          9.147976015810855e-06,
          1.0675881640054286e-05,
          1.2252495253051165e-05,
          1.3776972082268912e-05,
          1.5814350263099186e-05
        ],
        "logit_cdf": [
          0.0007102439735292565,
          0.0008279279859564337,
          0.0008827700431217056,
          0.0009160093834890137,
          0.0009469317050659343,
          0.000942164345810903,
          0.00022725884891805492,
          6.664438973036368e-05,
          0.00018220119476131114,
          0.0006070435656584383,
          0.0007460354799533331,
          0.0005422805361252059,
          0.0002530200220491885,
          5.087800802072717e-05,
          1.0274886985239817e-05,
          6.0501040203275736e-06,
          6.872525458168077e-06,
          3.5961081479851664e-06,
          4.20544687507185e-06,
          6.681599150126782e-06,
          4.2878107928134845e-06,
          2.9953434142471203e-06,
          3.2958515495673524e-06,
          5.045175695439497e-06,
          5.732227764232434e-06,
          5.331876245295852e-06,
          4.6347620417108715e-06,
          4.832240190488779e-06,
          5.621271032540953e-06,
          6.3850432026058e-06,
          8.013181183319507e-06,
          9.988020187368107e-06,
          1.075229188279847e-05,
          1.0656496236771673e-05,
          1.1068745473630237e-05,
          1.1672888177605145e-05,
          1.2478023762141355e-05,
          1.3981579697674995e-05,
          1.6323438791765454e-05,
          2.0820250296205156e-05,
          2.7408912389614848e-05,
          3.456851802735583e-05,
          4.177077571188015e-05,
          4.8755770174990776e-05,
          5.920863031905199e-05,
          7.217195564762635e-05,
          8.522086227252812e-05,
          9.629403730559982e-05,
          0.0001033724255379842,
          0.0001152236977527421
        ],
        "gcam_mean_cdf": [
          0.4074648255805357,
          0.12665036319791034,
          0.11690302816977771,
          0.07472240363750549,
          0.03675289965621109,
          0.07494121249956076,
          0.12079737537598023,
          0.055948410741312515,
          0.043171618571548886,
          0.0678163024420938,
          0.03247158648719878,
          0.03727267321264138,
          0.01740594530209877,
          0.021076844283414387,
          0.024602727274037284,
          0.012805693854381961,
          0.011491895186351964,
          0.01451278015944324,
          0.01795847089070307,
          0.013824091208202216,
          0.012616935908736249,
          0.015392147048992777,
          0.015236626908174733,
          0.015968828485416975,
          0.017788194225599574,
          0.02113050012329859,
          0.019190811486152648,
          0.018378970016336482,
          0.017773408786873113,
          0.015509690294290612,
          0.014639522044324171,
          0.014486209884729984,
          0.012962779094398524,
          0.014358343635559823,
          0.017425751293964786,
          0.018801017107870688,
          0.019663507957592086,
          0.021515747485574,
          0.019476885552455803,
          0.022226070873068438,
          0.024716265045580055,
          0.023436068099427443,
          0.025506848104189406,
          0.02565083895186937,
          0.025508520950190794,
          0.026089690763146378,
          0.027563125241577058,
          0.02803718661917942,
          0.027106436755842567,
          0.026968672038306274
        ],
        "gcam_top20_cdf": [
          0.7884186527904032,
          0.41474001857448556,
          0.36757562236276686,
          0.29664137329909857,
          0.20238050986108408,
          0.2984035976516465,
          0.39425531264218605,
          0.2792284848224046,
          0.20239770272158963,
          0.22892170866713113,
          0.16471809057914621,
          0.19467760533069162,
          0.11138915574732228,
          0.1331343521969618,
          0.14232795126584957,
          0.09245525526253046,
          0.0850175537289991,
          0.10641088667345883,
          0.13394463235613224,
          0.1029816981466235,
          0.09482623961244929,
          0.11752445179056553,
          0.11636000136531538,
          0.12383128692905382,
          0.13639388536324493,
          0.15886924316583467,
          0.14470685152619095,
          0.13676745911901583,
          0.13136780432727752,
          0.11596617748662869,
          0.11094088677672986,
          0.10808365472256842,
          0.09925962243492076,
          0.10847436177088626,
          0.1261052724060847,
          0.1309010784674759,
          0.13392815674472563,
          0.14172226310509156,
          0.13267245819827633,
          0.14703567512645482,
          0.15797389597990813,
          0.15411808326285786,
          0.16485644437345154,
          0.16615597159570583,
          0.1657679723183525,
          0.17032988766400753,
          0.17772929520142028,
          0.18067027813504521,
          0.17552514625039045,
          0.17576162423819325
        ],