{
  "image": "img/CNBWON/000003.png",
  "timestep": 0,
  "target_class": 2,
  "predictions": {
    "logits": [
      -3.9208178520202637,
      -3.328242778778076,
      7.609406471252441
    ],
    "probs": [
      9.828232578001916e-06,
      1.777573379513342e-05,
      0.9999724626541138
    ],
    "predicted_class": 2,
    "predicted_class_name": "Nude"
  },
  "gradcam": {
    "max_attention": 0.9780934453010559,
    "mean_attention": 0.3212659955024719,
    "top_10_percent_mean": 0.8220779299736023
  },
  "integrated_gradients": {
    "channel_importance": {
      "channel_0": 28.70832061767578,
      "channel_1": 26.330183029174805,
      "channel_2": 23.932544708251953,
      "channel_3": 16.935482025146484
    }
  }
}