{
  "mean": 0.03670644923179143,
  "std": 0.030204118958784113,
  "min": 0.0,
  "max": 0.21392177045345306,
  "percentiles": {
    "p10": 0.00099409359972924,
    "p25": 0.011138926725834608,
    "p50": 0.03181757591664791,
    "p75": 0.05578545108437538,
    "p90": 0.07870152741670608,
    "p95": 0.0933504462242126,
    "p99": 0.1220688209682703
  },
  "num_images_processed": 1000,
  "num_images_error": 0,
  "num_values_seen": 4096000,
  "percentile_sample_size": 2000000,
  "classifier_ckpt": "./work_dirs/nudity_6class_v2/checkpoint/step_22700/classifier.pth",
  "harmful_class": 3,
  "gradcam_layer": "encoder_model.middle_block.2",
  "pretrained_model_name_or_path": "CompVis/stable-diffusion-v1-4",
  "timestep_sampling": {
    "mode": "random",
    "fixed_t": null,
    "t_min": 0,
    "t_max": 999,
    "num_train_timesteps": 1000,
    "classifier_timestep_format": "t_norm = t_int / num_train_timesteps"
  }
}