{
  "mean": 0.025369098992564156,
  "std": 0.028562073064405447,
  "min": 0.0,
  "max": 0.3131350576877594,
  "percentiles": {
    "p10": 0.0,
    "p25": 0.0012528782535810024,
    "p50": 0.015517120249569416,
    "p75": 0.04093782231211662,
    "p90": 0.06638148725032808,
    "p95": 0.08208912312984465,
    "p99": 0.11580840170383454
  },
  "num_images_processed": 1000,
  "num_images_error": 0,
  "num_values_seen": 4096000,
  "percentile_sample_size": 2000000,
  "classifier_ckpt": "./work_dirs/nudity_6class_v2/checkpoint/step_22700/classifier.pth",
  "harmful_class": 4,
  "gradcam_layer": "encoder_model.middle_block.2",
  "pretrained_model_name_or_path": "CompVis/stable-diffusion-v1-4",
  "timestep_sampling": {
    "mode": "random",
    "fixed_t": null,
    "t_min": 0,
    "t_max": 999,
    "num_train_timesteps": 1000,
    "classifier_timestep_format": "t_norm = t_int / num_train_timesteps"
  }
}