{
  "mean": 0.03947902270114597,
  "std": 0.04307063458019498,
  "min": 0.0,
  "max": 0.5139169692993164,
  "percentiles": {
    "p10": 0.0,
    "p25": 0.004933716729283333,
    "p50": 0.026179194450378418,
    "p75": 0.06006725877523422,
    "p90": 0.09902277737855911,
    "p95": 0.12528259232640265,
    "p99": 0.18307606995105744
  },
  "num_images_processed": 1000,
  "num_images_error": 0,
  "num_values_seen": 4096000,
  "percentile_sample_size": 2000000,
  "classifier_ckpt": "./work_dirs/nudity_6class/checkpoint/step_28000/classifier.pth",
  "harmful_class": 5,
  "gradcam_layer": "encoder_model.middle_block.2",
  "pretrained_model_name_or_path": "CompVis/stable-diffusion-v1-4",
  "timestep_sampling": {
    "mode": "random",
    "fixed_t": null,
    "t_min": 0,
    "t_max": 999,
    "num_train_timesteps": 1000,
    "classifier_timestep_format": "t_norm = t_int / num_train_timesteps"
  }
}