{
  "mean": 0.02201295631818327,
  "std": 0.02773271000463295,
  "min": 0.0,
  "max": 0.26410984992980957,
  "percentiles": {
    "p10": 0.0,
    "p25": 0.0002448400482535362,
    "p50": 0.01073438161984086,
    "p75": 0.03454761207103729,
    "p90": 0.061751765385270135,
    "p95": 0.07960862219333642,
    "p99": 0.1158134937286377
  },
  "num_images_processed": 1000,
  "num_images_error": 0,
  "num_values_seen": 4096000,
  "percentile_sample_size": 2000000,
  "classifier_ckpt": "./work_dirs/nudity_6class/checkpoint/step_28000/classifier.pth",
  "harmful_class": 3,
  "gradcam_layer": "encoder_model.middle_block.2",
  "pretrained_model_name_or_path": "CompVis/stable-diffusion-v1-4",
  "timestep_sampling": {
    "mode": "random",
    "fixed_t": null,
    "t_min": 0,
    "t_max": 999,
    "num_train_timesteps": 1000,
    "classifier_timestep_format": "t_norm = t_int / num_train_timesteps"
  }
}