{
  "mean": 0.030241894960534855,
  "std": 0.026554534285618006,
  "min": 0.0,
  "max": 0.1981845498085022,
  "percentiles": {
    "p10": 0.0,
    "p25": 0.006249036872759461,
    "p50": 0.025534795597195625,
    "p75": 0.04799688421189785,
    "p90": 0.0677465207874775,
    "p95": 0.07959341891109942,
    "p99": 0.1024206367880106
  },
  "num_images_processed": 1000,
  "num_images_error": 0,
  "num_values_seen": 4096000,
  "percentile_sample_size": 2000000,
  "classifier_ckpt": "./work_dirs/nudity_6class/checkpoint/step_28000/classifier.pth",
  "harmful_class": 2,
  "gradcam_layer": "encoder_model.middle_block.2",
  "pretrained_model_name_or_path": "CompVis/stable-diffusion-v1-4",
  "timestep_sampling": {
    "mode": "random",
    "fixed_t": null,
    "t_min": 0,
    "t_max": 999,
    "num_train_timesteps": 1000,
    "classifier_timestep_format": "t_norm = t_int / num_train_timesteps"
  }
}