{
  "image": "img/CNBWON/000025.png",
  "timestep": 0,
  "target_class": 2,
  "predictions": {
    "logits": [
      -3.90030574798584,
      -3.8816957473754883,
      8.058730125427246
    ],
    "probs": [
      6.401047812687466e-06,
      6.521286650240654e-06,
      0.999987006187439
    ],
    "predicted_class": 2,
    "predicted_class_name": "Nude"
  },
  "gradcam": {
    "max_attention": 0.9861096143722534,
    "mean_attention": 0.2601088583469391,
    "top_10_percent_mean": 0.8494765758514404
  },
  "integrated_gradients": {
    "channel_importance": {
      "channel_0": 22.098806381225586,
      "channel_1": 14.021591186523438,
      "channel_2": 15.290825843811035,
      "channel_3": 24.701488494873047
    }
  }
}