{
  "mean": 0.055235060094670795,
  "std": 0.05202424904219101,
  "min": 0.0,
  "max": 0.6690384745597839,
  "percentiles": {
    "p10": 0.0,
    "p25": 0.010295526823028922,
    "p50": 0.04330677539110184,
    "p75": 0.08652152866125107,
    "p90": 0.12816525995731354,
    "p95": 0.1548548065125942,
    "p99": 0.20923239260911947
  },
  "num_images_processed": 1000,
  "num_images_error": 0,
  "num_values_seen": 4096000,
  "percentile_sample_size": 2000000,
  "classifier_ckpt": "./work_dirs/illegal_9class/checkpoint/step_22600/classifier.pth",
  "harmful_class": 7,
  "gradcam_layer": "encoder_model.middle_block.2",
  "pretrained_model_name_or_path": "CompVis/stable-diffusion-v1-4",
  "timestep_sampling": {
    "mode": "random",
    "fixed_t": null,
    "t_min": 0,
    "t_max": 999,
    "num_train_timesteps": 1000,
    "classifier_timestep_format": "t_norm = t_int / num_train_timesteps"
  }
}