{
  "mean": 0.04232179210692363,
  "std": 0.046971641918137005,
  "min": 0.0,
  "max": 0.44828349351882935,
  "percentiles": {
    "p10": 0.0,
    "p25": 0.002631229697726667,
    "p50": 0.02585072722285986,
    "p75": 0.06883252412080765,
    "p90": 0.1113133236765862,
    "p95": 0.1364341586828231,
    "p99": 0.1861538584530354
  },
  "num_images_processed": 1000,
  "num_images_error": 0,
  "num_values_seen": 4096000,
  "percentile_sample_size": 2000000,
  "classifier_ckpt": "./work_dirs/illegal_9class/checkpoint/step_22600/classifier.pth",
  "harmful_class": 3,
  "gradcam_layer": "encoder_model.middle_block.2",
  "pretrained_model_name_or_path": "CompVis/stable-diffusion-v1-4",
  "timestep_sampling": {
    "mode": "random",
    "fixed_t": null,
    "t_min": 0,
    "t_max": 999,
    "num_train_timesteps": 1000,
    "classifier_timestep_format": "t_norm = t_int / num_train_timesteps"
  }
}