{
  "image": "img/CNBWON/000040.png",
  "timestep": 0,
  "target_class": 2,
  "predictions": {
    "logits": [
      -4.653400897979736,
      -3.2236833572387695,
      7.983255863189697
    ],
    "probs": [
      3.2505913623026572e-06,
      1.3579402548202779e-05,
      0.9999831914901733
    ],
    "predicted_class": 2,
    "predicted_class_name": "Nude"
  },
  "gradcam": {
    "max_attention": 0.9848465323448181,
    "mean_attention": 0.40408533811569214,
    "top_10_percent_mean": 0.8591681122779846
  },
  "integrated_gradients": {
    "channel_importance": {
      "channel_0": 24.277042388916016,
      "channel_1": 30.123714447021484,
      "channel_2": 23.788766860961914,
      "channel_3": 20.7197265625
    }
  }
}