{
  "mean": 0.021678598018487684,
  "std": 0.028307255301928846,
  "min": 0.0,
  "max": 0.3764066994190216,
  "percentiles": {
    "p10": 0.0,
    "p25": 0.00018437369726598263,
    "p50": 0.010320335626602173,
    "p75": 0.033312516286969185,
    "p90": 0.06048015058040623,
    "p95": 0.07916028909385184,
    "p99": 0.12059438705444338
  },
  "num_images_processed": 1000,
  "num_images_error": 0,
  "num_values_seen": 4096000,
  "percentile_sample_size": 2000000,
  "classifier_ckpt": "./work_dirs/hate_9class/checkpoint/step_20800/classifier.pth",
  "harmful_class": 1,
  "gradcam_layer": "encoder_model.middle_block.2",
  "pretrained_model_name_or_path": "CompVis/stable-diffusion-v1-4",
  "timestep_sampling": {
    "mode": "random",
    "fixed_t": null,
    "t_min": 0,
    "t_max": 999,
    "num_train_timesteps": 1000,
    "classifier_timestep_format": "t_norm = t_int / num_train_timesteps"
  }
}