{
  "mean": 0.02450669919202615,
  "std": 0.03045807238621285,
  "min": 0.0,
  "max": 0.2990580201148987,
  "percentiles": {
    "p10": 0.0,
    "p25": 0.00011603646271396428,
    "p50": 0.01215198589488864,
    "p75": 0.03917635977268219,
    "p90": 0.06883230060338974,
    "p95": 0.08719771914184082,
    "p99": 0.12545709490776064
  },
  "num_images_processed": 1000,
  "num_images_error": 0,
  "num_values_seen": 4096000,
  "percentile_sample_size": 2000000,
  "classifier_ckpt": "./work_dirs/hate_9class/checkpoint/step_20800/classifier.pth",
  "harmful_class": 5,
  "gradcam_layer": "encoder_model.middle_block.2",
  "pretrained_model_name_or_path": "CompVis/stable-diffusion-v1-4",
  "timestep_sampling": {
    "mode": "random",
    "fixed_t": null,
    "t_min": 0,
    "t_max": 999,
    "num_train_timesteps": 1000,
    "classifier_timestep_format": "t_norm = t_int / num_train_timesteps"
  }
}