{
  "mean": 0.031419230007571526,
  "std": 0.03865421673563785,
  "min": 0.0,
  "max": 0.35128897428512573,
  "percentiles": {
    "p10": 0.0,
    "p25": 0.001559763855766505,
    "p50": 0.016702662222087383,
    "p75": 0.047876694239676,
    "p90": 0.08586907014250755,
    "p95": 0.11177255176007736,
    "p99": 0.16418121755123138
  },
  "num_images_processed": 1000,
  "num_images_error": 0,
  "num_values_seen": 4096000,
  "percentile_sample_size": 2000000,
  "classifier_ckpt": "./work_dirs/hate_9class/checkpoint/step_20800/classifier.pth",
  "harmful_class": 3,
  "gradcam_layer": "encoder_model.middle_block.2",
  "pretrained_model_name_or_path": "CompVis/stable-diffusion-v1-4",
  "timestep_sampling": {
    "mode": "random",
    "fixed_t": null,
    "t_min": 0,
    "t_max": 999,
    "num_train_timesteps": 1000,
    "classifier_timestep_format": "t_norm = t_int / num_train_timesteps"
  }
}