{
  "mean": 0.024679034148305246,
  "std": 0.02438438721988217,
  "min": 0.0,
  "max": 0.22454851865768433,
  "percentiles": {
    "p10": 0.0,
    "p25": 0.004049581359140575,
    "p50": 0.017885898239910603,
    "p75": 0.03873384837061167,
    "p90": 0.059751992672681845,
    "p95": 0.07263948358595368,
    "p99": 0.09846284285187722
  },
  "num_images_processed": 1000,
  "num_images_error": 0,
  "num_values_seen": 4096000,
  "percentile_sample_size": 2000000,
  "classifier_ckpt": "./work_dirs/violence_9class/checkpoint/step_15500/classifier.pth",
  "harmful_class": 7,
  "gradcam_layer": "encoder_model.middle_block.2",
  "pretrained_model_name_or_path": "CompVis/stable-diffusion-v1-4",
  "timestep_sampling": {
    "mode": "random",
    "fixed_t": null,
    "t_min": 0,
    "t_max": 999,
    "num_train_timesteps": 1000,
    "classifier_timestep_format": "t_norm = t_int / num_train_timesteps"
  }
}