{
  "mean": 0.028471475114085636,
  "std": 0.02769229676730145,
  "min": 0.0,
  "max": 0.24839119613170624,
  "percentiles": {
    "p10": 0.0,
    "p25": 0.004680781625211239,
    "p50": 0.021661500446498394,
    "p75": 0.04447703808546066,
    "p90": 0.06753565147519112,
    "p95": 0.0821118373423814,
    "p99": 0.11283778183162213
  },
  "num_images_processed": 1000,
  "num_images_error": 0,
  "num_values_seen": 4096000,
  "percentile_sample_size": 2000000,
  "classifier_ckpt": "./work_dirs/violence_9class/checkpoint/step_15500/classifier.pth",
  "harmful_class": 3,
  "gradcam_layer": "encoder_model.middle_block.2",
  "pretrained_model_name_or_path": "CompVis/stable-diffusion-v1-4",
  "timestep_sampling": {
    "mode": "random",
    "fixed_t": null,
    "t_min": 0,
    "t_max": 999,
    "num_train_timesteps": 1000,
    "classifier_timestep_format": "t_norm = t_int / num_train_timesteps"
  }
}