{
  "image": "img/CNBWON/000002.png",
  "timestep": 0,
  "target_class": 2,
  "predictions": {
    "logits": [
      -3.4666359424591064,
      0.23097647726535797,
      3.210029363632202
    ],
    "probs": [
      0.0011975778033956885,
      0.04832328483462334,
      0.9504792094230652
    ],
    "predicted_class": 2,
    "predicted_class_name": "Nude"
  },
  "gradcam": {
    "max_attention": 0.9712841510772705,
    "mean_attention": 0.1409750133752823,
    "top_10_percent_mean": 0.7048447728157043
  },
  "integrated_gradients": {
    "channel_importance": {
      "channel_0": 24.413667678833008,
      "channel_1": 33.221588134765625,
      "channel_2": 27.44682502746582,
      "channel_3": 28.27014923095703
    }
  }
}