{
  "mean": 0.08510978138018745,
  "std": 0.04872767666809913,
  "min": 0.0,
  "max": 0.4045734703540802,
  "percentiles": {
    "p10": 0.020803758874535564,
    "p25": 0.04863701108843088,
    "p50": 0.08285007998347282,
    "p75": 0.11794372648000717,
    "p90": 0.1499770030379296,
    "p95": 0.16919121518731112,
    "p99": 0.20683611392974854
  },
  "num_images_processed": 1000,
  "num_images_error": 0,
  "num_values_seen": 4096000,
  "percentile_sample_size": 2000000,
  "classifier_ckpt": "./work_dirs/violence_13class/checkpoint/step_28400/classifier.pth",
  "harmful_class": 9,
  "gradcam_layer": "encoder_model.middle_block.2",
  "pretrained_model_name_or_path": "CompVis/stable-diffusion-v1-4",
  "timestep_sampling": {
    "mode": "random",
    "fixed_t": null,
    "t_min": 0,
    "t_max": 999,
    "num_train_timesteps": 1000,
    "classifier_timestep_format": "t_norm = t_int / num_train_timesteps"
  }
}