{
  "mean": 0.063280524842634,
  "std": 0.05053864342948571,
  "min": 0.0,
  "max": 0.4442211985588074,
  "percentiles": {
    "p10": 0.0026420232607051734,
    "p25": 0.02085088938474655,
    "p50": 0.05527682416141033,
    "p75": 0.09591378644108772,
    "p90": 0.13369812667369846,
    "p95": 0.15672057569026943,
    "p99": 0.20260231494903563
  },
  "num_images_processed": 1000,
  "num_images_error": 0,
  "num_values_seen": 4096000,
  "percentile_sample_size": 2000000,
  "classifier_ckpt": "./work_dirs/violence_13class/checkpoint/step_28400/classifier.pth",
  "harmful_class": 12,
  "gradcam_layer": "encoder_model.middle_block.2",
  "pretrained_model_name_or_path": "CompVis/stable-diffusion-v1-4",
  "timestep_sampling": {
    "mode": "random",
    "fixed_t": null,
    "t_min": 0,
    "t_max": 999,
    "num_train_timesteps": 1000,
    "classifier_timestep_format": "t_norm = t_int / num_train_timesteps"
  }
}