{
  "mean": 0.04236517987944113,
  "std": 0.041270606756205294,
  "min": 0.0,
  "max": 0.30956700444221497,
  "percentiles": {
    "p10": 0.0,
    "p25": 0.005613549961708486,
    "p50": 0.03181220218539238,
    "p75": 0.06806489825248718,
    "p90": 0.10200671255588534,
    "p95": 0.12222139574587337,
    "p99": 0.16106609970331193
  },
  "num_images_processed": 1499,
  "num_images_error": 0,
  "num_values_seen": 6139904,
  "percentile_sample_size": 2000000,
  "classifier_ckpt": "./work_dirs/violence_13class/checkpoint/step_28400/classifier.pth",
  "harmful_class": 4,
  "gradcam_layer": "encoder_model.middle_block.2",
  "pretrained_model_name_or_path": "CompVis/stable-diffusion-v1-4",
  "timestep_sampling": {
    "mode": "random",
    "fixed_t": null,
    "t_min": 0,
    "t_max": 999,
    "num_train_timesteps": 1000,
    "classifier_timestep_format": "t_norm = t_int / num_train_timesteps"
  }
}