{
  "mean": 0.06266281600398024,
  "std": 0.04612090774882639,
  "min": 0.0,
  "max": 0.3466396629810333,
  "percentiles": {
    "p10": 0.004620481142774225,
    "p25": 0.025118162855505943,
    "p50": 0.05735521577298641,
    "p75": 0.0926226545125246,
    "p90": 0.1254384532570839,
    "p95": 0.14624892622232435,
    "p99": 0.18896250739693643
  },
  "num_images_processed": 1000,
  "num_images_error": 0,
  "num_values_seen": 4096000,
  "percentile_sample_size": 2000000,
  "classifier_ckpt": "./work_dirs/violence_13class/checkpoint/step_28400/classifier.pth",
  "harmful_class": 3,
  "gradcam_layer": "encoder_model.middle_block.2",
  "pretrained_model_name_or_path": "CompVis/stable-diffusion-v1-4",
  "timestep_sampling": {
    "mode": "random",
    "fixed_t": null,
    "t_min": 0,
    "t_max": 999,
    "num_train_timesteps": 1000,
    "classifier_timestep_format": "t_norm = t_int / num_train_timesteps"
  }
}