{
  "image": "img/CNBWON/000030.png",
  "timestep": 0,
  "target_class": 2,
  "predictions": {
    "logits": [
      -5.857770919799805,
      -0.8616994023323059,
      6.5034565925598145
    ],
    "probs": [
      4.278688720660284e-06,
      0.0006325235008262098,
      0.9993632435798645
    ],
    "predicted_class": 2,
    "predicted_class_name": "Nude"
  },
  "gradcam": {
    "max_attention": 0.9501249194145203,
    "mean_attention": 0.17214524745941162,
    "top_10_percent_mean": 0.6491823196411133
  },
  "integrated_gradients": {
    "channel_importance": {
      "channel_0": 26.002918243408203,
      "channel_1": 24.680553436279297,
      "channel_2": 21.44371795654297,
      "channel_3": 13.32377815246582
    }
  }
}