{
  "mean": 0.06419984320027332,
  "std": 0.04621880525380508,
  "min": 0.0,
  "max": 0.37296169996261597,
  "percentiles": {
    "p10": 0.005729144765064122,
    "p25": 0.026461539324373007,
    "p50": 0.05896835960447788,
    "p75": 0.09453493915498257,
    "p90": 0.12838403135538104,
    "p95": 0.14858639836311338,
    "p99": 0.1853341160714627
  },
  "num_images_processed": 1000,
  "num_images_error": 0,
  "num_values_seen": 4096000,
  "percentile_sample_size": 2000000,
  "classifier_ckpt": "./work_dirs/violence_9class/checkpoint/step_25400/classifier.pth",
  "harmful_class": 7,
  "gradcam_layer": "encoder_model.middle_block.2",
  "pretrained_model_name_or_path": "CompVis/stable-diffusion-v1-4",
  "timestep_sampling": {
    "mode": "random",
    "fixed_t": null,
    "t_min": 0,
    "t_max": 999,
    "num_train_timesteps": 1000,
    "classifier_timestep_format": "t_norm = t_int / num_train_timesteps"
  }
}