{
  "mean": 0.02729537915448905,
  "std": 0.03333105273416249,
  "min": 0.0,
  "max": 0.28043317794799805,
  "percentiles": {
    "p10": 0.0,
    "p25": 0.0003577734823920764,
    "p50": 0.014602582901716232,
    "p75": 0.043102036230266094,
    "p90": 0.07467114627361299,
    "p95": 0.09596138931810852,
    "p99": 0.13940784439444542
  },
  "num_images_processed": 1000,
  "num_images_error": 0,
  "num_values_seen": 4096000,
  "percentile_sample_size": 2000000,
  "classifier_ckpt": "./work_dirs/selfharm_9class/checkpoint/step_20700/classifier.pth",
  "harmful_class": 3,
  "gradcam_layer": "encoder_model.middle_block.2",
  "pretrained_model_name_or_path": "CompVis/stable-diffusion-v1-4",
  "timestep_sampling": {
    "mode": "random",
    "fixed_t": null,
    "t_min": 0,
    "t_max": 999,
    "num_train_timesteps": 1000,
    "classifier_timestep_format": "t_norm = t_int / num_train_timesteps"
  }
}