{
  "mean": 0.04125618963639845,
  "std": 0.03496134523773633,
  "min": 0.0,
  "max": 0.22578302025794983,
  "percentiles": {
    "p10": 0.0,
    "p25": 0.009218932827934623,
    "p50": 0.03565313294529915,
    "p75": 0.06647164560854435,
    "p90": 0.09073546156287195,
    "p95": 0.10497182272374628,
    "p99": 0.13113835453987122
  },
  "num_images_processed": 1000,
  "num_images_error": 0,
  "num_values_seen": 4096000,
  "percentile_sample_size": 2000000,
  "classifier_ckpt": "./work_dirs/selfharm_9class/checkpoint/step_20700/classifier.pth",
  "harmful_class": 1,
  "gradcam_layer": "encoder_model.middle_block.2",
  "pretrained_model_name_or_path": "CompVis/stable-diffusion-v1-4",
  "timestep_sampling": {
    "mode": "random",
    "fixed_t": null,
    "t_min": 0,
    "t_max": 999,
    "num_train_timesteps": 1000,
    "classifier_timestep_format": "t_norm = t_int / num_train_timesteps"
  }
}