{
  "mean": 0.03460683654531757,
  "std": 0.04287062411364235,
  "min": 0.0,
  "max": 0.3235134184360504,
  "percentiles": {
    "p10": 0.0,
    "p25": 0.00034353419323451817,
    "p50": 0.017741916701197624,
    "p75": 0.0542207807302475,
    "p90": 0.09682777523994446,
    "p95": 0.12546868845820425,
    "p99": 0.17766046896576881
  },
  "num_images_processed": 1000,
  "num_images_error": 0,
  "num_values_seen": 4096000,
  "percentile_sample_size": 2000000,
  "classifier_ckpt": "./work_dirs/shocking_9class/checkpoint/step_23700/classifier.pth",
  "harmful_class": 5,
  "gradcam_layer": "encoder_model.middle_block.2",
  "pretrained_model_name_or_path": "CompVis/stable-diffusion-v1-4",
  "timestep_sampling": {
    "mode": "random",
    "fixed_t": null,
    "t_min": 0,
    "t_max": 999,
    "num_train_timesteps": 1000,
    "classifier_timestep_format": "t_norm = t_int / num_train_timesteps"
  }
}