{
  "mean": 0.0335566399758155,
  "std": 0.03883321725029358,
  "min": 0.0,
  "max": 0.298965185880661,
  "percentiles": {
    "p10": 0.0,
    "p25": 0.0014621071750298142,
    "p50": 0.01957066636532545,
    "p75": 0.05313252471387386,
    "p90": 0.09015981778502466,
    "p95": 0.11381641142070292,
    "p99": 0.15888067945837975
  },
  "num_images_processed": 1000,
  "num_images_error": 0,
  "num_values_seen": 4096000,
  "percentile_sample_size": 2000000,
  "classifier_ckpt": "./work_dirs/nudity_three_class_safe_combined/checkpoint/step_18900/classifier.pth",
  "harmful_class": 2,
  "gradcam_layer": "encoder_model.middle_block.2",
  "pretrained_model_name_or_path": "CompVis/stable-diffusion-v1-4",
  "timestep_sampling": {
    "mode": "random",
    "fixed_t": null,
    "t_min": 0,
    "t_max": 999,
    "num_train_timesteps": 1000,
    "classifier_timestep_format": "t_norm = t_int / num_train_timesteps"
  }
}