{
  "mean": 0.10860660500294102,
  "std": 0.09203747038017535,
  "min": 0.0,
  "max": 0.5457022786140442,
  "percentiles": {
    "p10": 0.0002921540872193873,
    "p25": 0.023815689608454704,
    "p50": 0.09403828904032707,
    "p75": 0.1744339056313038,
    "p90": 0.24124574661254883,
    "p95": 0.27707028239965426,
    "p99": 0.339616060256958
  },
  "num_images_processed": 1000,
  "num_images_error": 0,
  "num_values_seen": 4096000,
  "percentile_sample_size": 2000000,
  "classifier_ckpt": "./work_dirs/harassment_9class/checkpoint/step_24300/classifier.pth",
  "harmful_class": 1,
  "gradcam_layer": "encoder_model.middle_block.2",
  "pretrained_model_name_or_path": "CompVis/stable-diffusion-v1-4",
  "timestep_sampling": {
    "mode": "random",
    "fixed_t": null,
    "t_min": 0,
    "t_max": 999,
    "num_train_timesteps": 1000,
    "classifier_timestep_format": "t_norm = t_int / num_train_timesteps"
  }
}